Workbook

Sheet Dashboard
A1: AJAY'S TRADING DASHBOARD
A3: OVERALL PERFORMANCE
A5: Total Trades | B5: =COUNTA('Trade Log'!B4:B1000) -> 0
A6: Win Rate | B6: =COUNTIF('Trade Log'!L4:L1000,">0")/COUNTA('Trade Log'!L4:L1000) -> 0
A7: Net P&L | B7: =SUM('Trade Log'!L4:L1000) -> 0
A8: Profit Factor | B8: =SUMIF('Trade Log'!L4:L1000,">0",'Trade Log'!L4:L1000)/ABS(SUMIF('Trade Log'!L4:L1000,"<0",'Trade Log'!L4:L1000)) -> #DIV/0!
A9: Avg Win | B9: =AVERAGEIF('Trade Log'!L4:L1000,">0",'Trade Log'!L4:L1000) -> #DIV/0!
A10: Avg Loss | B10: =AVERAGEIF('Trade Log'!L4:L1000,"<0",'Trade Log'!L4:L1000) -> #DIV/0!
A11: R:R Ratio | B11: =ABS(E8/E9) -> #DIV/0!
A12: Best Trade | B12: =MAX('Trade Log'!L4:L1000) -> 0
A13: Worst Trade | B13: =MIN('Trade Log'!L4:L1000) -> 0
A16: STRATEGY PERFORMANCE
A18: Strategy | B18: Trades | C18: Win Rate | D18: Net P&L
A19: SBI Specialist | B19: =COUNTIF('Trade Log'!C4:C1000,"SBI Specialist") -> 0 | C19: =COUNTIFS('Trade Log'!C4:C1000,"SBI Specialist",'Trade Log'!L4:L1000,">0")/COUNTIF('Trade Log'!C4:C1000,"SBI Specialist") -> #DIV/0! | D19: =SUMIF('Trade Log'!C4:C1000,"SBI Specialist",'Trade Log'!L4:L1000) -> 0
A20: Index Swing | B20: =COUNTIF('Trade Log'!C4:C1000,"Index Swing") -> 0 | C20: =COUNTIFS('Trade Log'!C4:C1000,"Index Swing",'Trade Log'!L4:L1000,">0")/COUNTIF('Trade Log'!C4:C1000,"Index Swing") -> #DIV/0! | D20: =SUMIF('Trade Log'!C4:C1000,"Index Swing",'Trade Log'!L4:L1000) -> 0
A21: Metal Scalp | B21: =COUNTIF('Trade Log'!C4:C1000,"Metal Scalp") -> 0 | C21: =COUNTIFS('Trade Log'!C4:C1000,"Metal Scalp",'Trade Log'!L4:L1000,">0")/COUNTIF('Trade Log'!C4:C1000,"Metal Scalp") -> #DIV/0! | D21: =SUMIF('Trade Log'!C4:C1000,"Metal Scalp",'Trade Log'!L4:L1000) -> 0

Sheet Trade Log
A1: TRADE LOG - Enter each trade here
A2: Strategy: "SBI Specialist", "Index Swing", or "Metal Scalp" | Direction: "CALL" or "PUT"
A3: Date | B3: Symbol | C3: Strategy | D3: Direction | E3: Entry Price | F3: Exit Price | G3: Quantity | H3: Entry Time | I3: Exit Time | J3: Hold Time (h) | K3: Target % | L3: P&L | M3: P&L % | N3: Win/Loss | O3: Notes
J4: =(I4-H4)*24 -> 0 | L4: =(F4-E4)*G4 -> 0 | M4: =(F4-E4)/E4 -> #DIV/0! | N4: =IF(L4>0,"WIN","LOSS") -> LOSS

Sheet Daily P&L
A1: DAILY P&L TRACKER
A3: Date | B3: Trades | C3: Wins | D3: Losses | E3: Net P&L
B4: =COUNTIF('Trade Log'!$A$4:$A$1000,A4) -> 0 | C4: =COUNTIFS('Trade Log'!$A$4:$A$1000,A4,'Trade Log'!$L$4:$L$1000,">0") -> 0 | D4: =COUNTIFS('Trade Log'!$A$4:$A$1000,A4,'Trade Log'!$L$4:$L$1000,"<0") -> 0 | E4: =SUMIF('Trade Log'!$A$4:$A$1000,A4,'Trade Log'!$L$4:$L$1000) -> 0

Sheet Symbol Performance
A1: SYMBOL-WISE PERFORMANCE
A3: Symbol | B3: Total Trades | C3: Wins | D3: Win Rate | E3: Total P&L | F3: Avg P&L
A4: SBIN26FEB1160CE | B4: =COUNTIF('Trade Log'!$B$4:$B$1000,A4) -> 0 | C4: =COUNTIFS('Trade Log'!$B$4:$B$1000,A4,'Trade Log'!$L$4:$L$1000,">0") -> 0 | D4: =IF(B4>0,C4/B4,0) -> 0 | E4: =SUMIF('Trade Log'!$B$4:$B$1000,A4,'Trade Log'!$L$4:$L$1000) -> 0 | F4: =IF(B4>0,E4/B4,0) -> 0
A5: NIFTY26FEB25500CE | B5: =COUNTIF('Trade Log'!$B$4:$B$1000,A5) -> 0 | C5: =COUNTIFS('Trade Log'!$B$4:$B$1000,A5,'Trade Log'!$L$4:$L$1000,">0") -> 0 | D5: =IF(B5>0,C5/B5,0) -> 0 | E5: =SUMIF('Trade Log'!$B$4:$B$1000,A5,'Trade Log'!$L$4:$L$1000) -> 0 | F5: =IF(B5>0,E5/B5,0) -> 0
A6: VEDL26FEB685CE | B6: =COUNTIF('Trade Log'!$B$4:$B$1000,A6) -> 0 | C6: =COUNTIFS('Trade Log'!$B$4:$B$1000,A6,'Trade Log'!$L$4:$L$1000,">0") -> 0 | D6: =IF(B6>0,C6/B6,0) -> 0 | E6: =SUMIF('Trade Log'!$B$4:$B$1000,A6,'Trade Log'!$L$4:$L$1000) -> 0 | F6: =IF(B6>0,E6/B6,0) -> 0
A7: HINDALCO26FEB910PE | B7: =COUNTIF('Trade Log'!$B$4:$B$1000,A7) -> 0 | C7: =COUNTIFS('Trade Log'!$B$4:$B$1000,A7,'Trade Log'!$L$4:$L$1000,">0") -> 0 | D7: =IF(B7>0,C7/B7,0) -> 0 | E7: =SUMIF('Trade Log'!$B$4:$B$1000,A7,'Trade Log'!$L$4:$L$1000) -> 0 | F7: =IF(B7>0,E7/B7,0) -> 0
A8: JSWSTEEL26FEB1250CE | B8: =COUNTIF('Trade Log'!$B$4:$B$1000,A8) -> 0 | C8: =COUNTIFS('Trade Log'!$B$4:$B$1000,A8,'Trade Log'!$L$4:$L$1000,">0") -> 0 | D8: =IF(B8>0,C8/B8,0) -> 0 | E8: =SUMIF('Trade Log'!$B$4:$B$1000,A8,'Trade Log'!$L$4:$L$1000) -> 0 | F8: =IF(B8>0,E8/B8,0) -> 0

Sheet Trading Rules
A1: AJAY'S TRADING PLAYBOOK
A4: STRATEGY 1: SBI SPECIALIST
A5: Position Size | B5: 750 contracts
A6: Target | B6: 5-12% profit
A7: Stop Loss | B7: -5 to -7%
A8: Max Hold | B8: Exit by 3:15 PM if intraday
A10: STRATEGY 2: INDEX SWING MASTER
A11: Position Size | B11: 50-75 lots
A12: Target | B12: 30-50% profit
A13: Stop Loss | B13: -15 to -20%
A14: Min Hold | B14: 24 hours minimum
A16: STRATEGY 3: METAL SCALP
A17: Position Size | B17: 700-1,150 lots
A18: Target | B18: 5-10% quick profit
A19: Stop Loss | B19: -3 to -5%
A20: Max Hold | B20: 2 hours maximum
A22: TRADING RULES
A23: Max Trades/Day | B23: 2-3 trades
A24: After 2 Losses | B24: STOP trading for the day
A25: Max Daily Risk | B25: ₹3,000-4,000
A27: AVOID
A28: Auto Stocks | B28: M&M, Maruti (proven losers)
A29: Unknown Setups | B29: Stick to your 3 strategies
A30: Revenge Trading | B30: Never chase losses
A31: Overtrading | B31: Max 3 trades/day
A33: WEEKLY TARGET
A34: Profit Goal | B34: ₹20,000-25,000
A35: Win Rate Goal | B35: 60%+
A36: Total Trades | B36: 10-12 trades

Sheet Weekly Summary
A1: WEEKLY PERFORMANCE SUMMARY
A3: Week Starting | B3: Total Trades | C3: Win Rate | D3: Net P&L | E3: Profit Factor | F3: Best Trade
A4: Feb 6, 2026 | B4: 13 | C4: 0.615 | D4: 20703 | E4: 3.43 | F4: 10253.75
